,id,seek,start,end,text,tokens,temperature,avg_logprob,compression_ratio,no_speech_prob
0,0,0,0.0,14.88," Привет, меня зовут Владислав Эфимов, я работаю в команде","[50364, 38932, 11, 6885, 46376, 41022, 3323, 22810, 5381, 3619, 2165, 1055, 11, 2552, 9197, 3776, 740, 46180, 6790, 51108]",0.0,-0.19769790286109562,1.781456953642384,0.03639913722872734
1,1,0,14.88,15.88, VK Рекламы.,"[51108, 691, 42, 6325, 2872, 35768, 698, 13, 51158]",0.0,-0.19769790286109562,1.781456953642384,0.03639913722872734
2,2,0,15.88,18.56," Прежде чем приступить к изучению языка, я кратко","[51158, 8567, 48013, 12056, 5082, 14474, 3258, 981, 43264, 18830, 29364, 2833, 11, 2552, 7502, 2134, 3752, 51292]",0.0,-0.19769790286109562,1.781456953642384,0.03639913722872734
3,3,0,18.56,21.36," расскажу о преимуществах этого языка программирования,","[51292, 17399, 29294, 1000, 43228, 2165, 585, 22470, 7004, 10751, 29364, 2833, 29043, 919, 10214, 8831, 11, 51432]",0.0,-0.19769790286109562,1.781456953642384,0.03639913722872734
4,4,0,21.36,24.44, какие задачи можно с помощью него решать и в каких IT,"[51432, 19971, 38793, 435, 8885, 776, 36387, 15052, 14025, 2209, 1006, 740, 44178, 6783, 51586]",0.0,-0.19769790286109562,1.781456953642384,0.03639913722872734
5,5,0,24.44,26.04, профессиях он используется.,"[51586, 43624, 32176, 5345, 15552, 37479, 13, 51666]",0.0,-0.19769790286109562,1.781456953642384,0.03639913722872734
6,6,0,26.04,28.44, Начнем с отличительных преимуществ языка.,"[51666, 48493, 23977, 776, 26902, 7809, 5783, 43228, 2165, 585, 22470, 29364, 2833, 13, 51786]",0.0,-0.19769790286109562,1.781456953642384,0.03639913722872734
7,7,2844,28.44,31.0," Во-первых, это простой для понимания и использования","[50364, 24334, 12, 48395, 11, 2691, 27959, 1700, 5561, 15084, 8831, 1006, 15552, 30821, 50492]",0.0,-0.14152757511582487,2.0316027088036117,0.7443174719810486
8,8,2844,31.0,32.0, язык.,"[50492, 29364, 755, 13, 50542]",0.0,-0.14152757511582487,2.0316027088036117,0.7443174719810486
9,9,2844,32.0,34.72," У языка Python, пожалуй, один из самых простых и понятных","[50542, 6523, 29364, 2833, 15329, 11, 713, 24752, 11, 13319, 3943, 37241, 27959, 7205, 1006, 7903, 4558, 5783, 50678]",0.0,-0.14152757511582487,2.0316027088036117,0.7443174719810486
10,10,2844,34.72,37.04, синтаксисов относительно других языков.,"[50678, 47079, 13721, 461, 3323, 1055, 44539, 15884, 31211, 29364, 7718, 13, 50794]",0.0,-0.14152757511582487,2.0316027088036117,0.7443174719810486
11,11,2844,37.04,39.0," Во-вторых, язык интерпретируемый.","[50794, 24334, 12, 859, 2542, 7205, 11, 29364, 755, 12073, 1354, 31242, 20517, 1504, 4851, 13, 50892]",0.0,-0.14152757511582487,2.0316027088036117,0.7443174719810486
12,12,2844,39.0,41.52," Это значит, что вы можете написать код и сразу его","[50892, 6684, 24013, 11, 2143, 2840, 23578, 30442, 2209, 981, 1435, 1006, 22014, 6448, 51018]",0.0,-0.14152757511582487,2.0316027088036117,0.7443174719810486
13,13,2844,41.52,44.36," запустить, не прибегая к шагу компиляции.","[51018, 10333, 46937, 11, 1725, 31436, 4953, 4251, 981, 5941, 5583, 585, 14380, 50211, 12502, 13, 51160]",0.0,-0.14152757511582487,2.0316027088036117,0.7443174719810486
14,14,2844,44.36,47.16," Он позволяет исполнять код строка за строкой, что","[51160, 12409, 28805, 27516, 11265, 1227, 35824, 981, 1435, 18425, 20296, 4396, 18425, 29667, 11, 2143, 51300]",0.0,-0.14152757511582487,2.0316027088036117,0.7443174719810486
15,15,2844,47.16,50.36, бывает очень удобно и полезно при разработке исследований.,"[51300, 48972, 6730, 35943, 1234, 1006, 40191, 1234, 5082, 38976, 8222, 40299, 1055, 28204, 13, 51460]",0.0,-0.14152757511582487,2.0316027088036117,0.7443174719810486
16,16,2844,50.36,52.96," В-третьих, это популярный язык, а значит для него","[51460, 2348, 12, 13981, 9108, 4165, 11, 2691, 46732, 4441, 29364, 755, 11, 2559, 24013, 5561, 15052, 51590]",0.0,-0.14152757511582487,2.0316027088036117,0.7443174719810486
17,17,2844,52.96,55.92," существует множество готовых библиотек, которые решают","[51590, 30447, 17781, 16338, 9292, 9631, 17137, 7205, 1268, 9772, 1675, 1631, 2872, 11, 10381, 14025, 6406, 51738]",0.0,-0.14152757511582487,2.0316027088036117,0.7443174719810486
18,18,5592,55.92,59.72," реальные задачи, а не придется придумывать и писать какие-то","[50364, 15492, 25967, 38793, 435, 11, 2559, 1725, 21255, 7299, 45234, 25265, 1006, 39739, 2209, 19971, 12, 860, 50554]",0.0,-0.15626380501723872,1.9567307692307692,0.5912275314331055
19,19,5592,59.72,60.72, вещи с нуля.,"[50554, 43050, 776, 13087, 2873, 13, 50604]",0.0,-0.15626380501723872,1.9567307692307692,0.5912275314331055
20,20,5592,60.72,64.32000000000001," В-четвертых, популярность языка также означает большое","[50604, 2348, 12, 753, 1094, 10327, 403, 7205, 11, 46732, 9930, 29364, 2833, 16584, 49994, 3310, 46843, 50784]",0.0,-0.15626380501723872,1.9567307692307692,0.5912275314331055
21,21,5592,64.32000000000001,66.6, сообщество разработчиков и энтузиастов.,"[50784, 7425, 12605, 9631, 38976, 19536, 1055, 1006, 31037, 13549, 1544, 435, 9941, 1055, 13, 50898]",0.0,-0.15626380501723872,1.9567307692307692,0.5912275314331055
22,22,5592,66.6,69.92," Из-за этого в сети можно найти много гайтов, обсуждений,","[50898, 24588, 12, 18598, 10751, 740, 776, 42378, 8885, 31993, 13347, 2342, 3183, 8642, 11, 47963, 37044, 17271, 11, 51064]",0.0,-0.15626380501723872,1.9567307692307692,0.5912275314331055
23,23,5592,69.92,72.44, обучающих материалов и многого другого.,"[51064, 3348, 4187, 18718, 4165, 32835, 1218, 1055, 1006, 22287, 2350, 8435, 2350, 13, 51190]",0.0,-0.15626380501723872,1.9567307692307692,0.5912275314331055
24,24,5592,72.44,73.96000000000001," И в-пятых, портативность.","[51190, 3272, 740, 12, 1354, 4558, 7205, 11, 11948, 403, 30875, 9930, 13, 51266]",0.0,-0.15626380501723872,1.9567307692307692,0.5912275314331055
25,25,5592,73.96000000000001,76.76," Код на Python, написанный на одной платформе, например,","[51266, 3422, 1435, 1470, 15329, 11, 30442, 39058, 1470, 29281, 34160, 18190, 387, 11, 24044, 11, 51406]",0.0,-0.15626380501723872,1.9567307692307692,0.5912275314331055
26,26,5592,76.76,79.72," на Mac, спокойно запустится на другой, например, на","[51406, 1470, 5707, 11, 47471, 1234, 10333, 15028, 8254, 1470, 27823, 11, 24044, 11, 1470, 51554]",0.0,-0.15626380501723872,1.9567307692307692,0.5912275314331055
27,27,5592,79.72,80.72, Windows.,"[51554, 8591, 13, 51604]",0.0,-0.15626380501723872,1.9567307692307692,0.5912275314331055
28,28,5592,80.72,83.76," Если говорить о областях применения, то язык Python","[51604, 12412, 32460, 1000, 3348, 32465, 24725, 31806, 1008, 5332, 11, 4572, 29364, 755, 15329, 51756]",0.0,-0.15626380501723872,1.9567307692307692,0.5912275314331055
29,29,8376,83.76,85.56, применяется во многих властях.,"[50364, 31806, 30710, 7299, 7900, 22287, 4165, 740, 32465, 24725, 13, 50454]",0.0,-0.16923229510967547,2.21256038647343,0.6514917612075806
30,30,8376,85.56,88.2," Например, во-первых, это веб-разработка.","[50454, 39645, 11, 7900, 12, 48395, 11, 2691, 740, 3749, 12, 8421, 40410, 2833, 13, 50586]",0.0,-0.16923229510967547,2.21256038647343,0.6514917612075806
31,31,8376,88.2,91.76, Можно строить бэкэнд веб-приложения в качестве веб-разработчика.,"[50586, 34423, 35860, 3258, 1268, 7570, 755, 7570, 43485, 740, 3749, 12, 39263, 2338, 2161, 5332, 740, 28595, 24966, 740, 3749, 12, 8421, 40410, 753, 17286, 13, 50764]",0.0,-0.16923229510967547,2.21256038647343,0.6514917612075806
32,32,8376,91.76,94.16000000000001, Большой набор библиотек и встроенных инструментов,"[50764, 5697, 24110, 1700, 22499, 1717, 1268, 9772, 1675, 1631, 2872, 1006, 740, 14086, 32236, 44572, 1055, 50884]",0.0,-0.16923229510967547,2.21256038647343,0.6514917612075806
33,33,8376,94.16000000000001,96.80000000000001," позволяет построить как небольшое приложение, так","[50884, 28805, 27516, 47526, 3258, 3014, 32692, 5805, 47251, 5627, 11, 2936, 51016]",0.0,-0.16923229510967547,2.21256038647343,0.6514917612075806
34,34,8376,96.80000000000001,100.64, и большую сложность сервис с базами данных и микросервисами.,"[51016, 1006, 12457, 3924, 30858, 9930, 14490, 859, 3323, 776, 39798, 5150, 19582, 5783, 1006, 43712, 9225, 36441, 3323, 5150, 13, 51208]",0.0,-0.16923229510967547,2.21256038647343,0.6514917612075806
35,35,8376,100.64,103.56," Во-вторых, машинное обучение и искусственный интеллект.","[51208, 24334, 12, 859, 2542, 7205, 11, 19820, 2599, 6126, 3348, 4187, 5627, 1006, 20284, 7071, 39343, 44673, 1414, 21579, 13, 51354]",0.0,-0.16923229510967547,2.21256038647343,0.6514917612075806
36,36,8376,103.56,106.28, В качестве мэль-специалиста можно разрабатывать различные,"[51354, 2348, 28595, 24966, 1084, 7570, 6762, 12, 6461, 23931, 4071, 11459, 8885, 24051, 42304, 25265, 40140, 4970, 51490]",0.0,-0.16923229510967547,2.21256038647343,0.6514917612075806
37,37,8376,106.28,109.2," решения на этом языке, от простых статистических","[51490, 14025, 5332, 1470, 10755, 29364, 8222, 11, 2943, 27959, 7205, 3266, 2134, 9330, 38911, 51636]",0.0,-0.16923229510967547,2.21256038647343,0.6514917612075806
38,38,8376,109.2,111.72, моделей до сложных нейронных сетей.,"[51636, 24104, 19695, 5865, 30858, 5783, 23227, 23753, 5783, 776, 1094, 2345, 13, 51762]",0.0,-0.16923229510967547,2.21256038647343,0.6514917612075806
39,39,11172,111.8,114.6," А скомбинировав это с разработкой веб-приложения, можно даже","[50368, 3450, 5239, 1253, 1552, 20303, 6680, 1828, 2691, 776, 38976, 11565, 740, 3749, 12, 39263, 2338, 2161, 5332, 11, 8885, 11210, 50508]",0.0,-0.18185732099745008,2.0485436893203883,0.23318424820899963
40,40,11172,114.6,117.67999999999999, создать свой неповторимый онлайн сервис.,"[50508, 20247, 2209, 25190, 17005, 1055, 2542, 2165, 4851, 5345, 693, 32920, 14490, 859, 3323, 13, 50662]",0.0,-0.18185732099745008,2.0485436893203883,0.23318424820899963
41,41,11172,117.67999999999999,119.84," В-третьих, анализ данных.","[50662, 2348, 12, 13981, 9108, 4165, 11, 17086, 28105, 19582, 5783, 13, 50770]",0.0,-0.18185732099745008,2.0485436893203883,0.23318424820899963
42,42,11172,119.84,123.96," Аналитикам данных Python помогает в проверке гипотез, визуализации","[50770, 20802, 1218, 1635, 3605, 1685, 19582, 5783, 15329, 27097, 3310, 740, 30901, 8222, 2342, 13306, 1631, 3634, 11, 740, 5572, 585, 28105, 16715, 50976]",0.0,-0.18185732099745008,2.0485436893203883,0.23318424820899963
43,43,11172,123.96,124.96, и обработке данных.,"[50976, 1006, 3348, 40410, 8222, 19582, 5783, 13, 51026]",0.0,-0.18185732099745008,2.0485436893203883,0.23318424820899963
44,44,11172,124.96,128.07999999999998," Что немаловажно, все это получается делать быстро","[51026, 13169, 13166, 1218, 1055, 3234, 1234, 11, 4640, 2691, 33451, 19284, 31874, 51182]",0.0,-0.18185732099745008,2.0485436893203883,0.23318424820899963
45,45,11172,128.07999999999998,131.24, и удобно с понятным и несложным синтаксисом Python.,"[51182, 1006, 35943, 1234, 776, 7903, 4558, 8412, 1006, 1725, 14393, 2161, 8412, 47079, 13721, 461, 3323, 1253, 15329, 13, 51340]",0.0,-0.18185732099745008,2.0485436893203883,0.23318424820899963
46,46,11172,131.24,133.92," В-четвертых, автоматизация и тестирование.","[51340, 2348, 12, 753, 1094, 10327, 403, 7205, 11, 27669, 2134, 5572, 21235, 1006, 41699, 10214, 9633, 13, 51474]",0.0,-0.18185732099745008,2.0485436893203883,0.23318424820899963
47,47,11172,133.92,137.0," И, конечно, как и любой код, код на Python, особенно,","[51474, 3272, 11, 15271, 11, 3014, 1006, 42803, 981, 1435, 11, 981, 1435, 1470, 15329, 11, 35817, 11, 51628]",0.0,-0.18185732099745008,2.0485436893203883,0.23318424820899963
48,48,11172,137.0,140.2," если это уже не маленький проект, нуждается в тестировании.","[51628, 8042, 2691, 7520, 1725, 26284, 8583, 32275, 11, 9353, 856, 6970, 740, 41699, 10214, 16426, 13, 51788]",0.0,-0.18185732099745008,2.0485436893203883,0.23318424820899963
49,49,14020,140.2,143.2, Поэтому профессия тестировщика Python тоже очень актуальна.,"[50364, 22318, 43624, 7409, 41699, 10214, 2000, 17286, 15329, 12251, 6730, 13790, 13549, 3842, 1931, 13, 50514]",0.0,-0.14957859936882467,2.011600928074246,0.02593572437763214
50,50,14020,143.2,146.23999999999998," И как и во всех предыдущих примерах, для тестирования","[50514, 3272, 3014, 1006, 7900, 17260, 8048, 698, 9031, 2000, 4165, 22545, 7004, 11, 5561, 41699, 10214, 8831, 50666]",0.0,-0.14957859936882467,2.011600928074246,0.02593572437763214
51,51,14020,146.23999999999998,148.79999999999998, существует множество готовых библиотек.,"[50666, 30447, 17781, 16338, 9292, 9631, 17137, 7205, 1268, 9772, 1675, 1631, 2872, 13, 50794]",0.0,-0.14957859936882467,2.011600928074246,0.02593572437763214
52,52,14020,148.79999999999998,150.95999999999998, Теперь перейдем к изучению языка.,"[50794, 25238, 4321, 2345, 856, 1504, 981, 43264, 18830, 29364, 2833, 13, 50902]",0.0,-0.14957859936882467,2.011600928074246,0.02593572437763214
53,53,14020,150.95999999999998,154.32," На этом уроке вы узнаете об интерпретаторе Python,","[50902, 11245, 10755, 1595, 32948, 387, 2840, 33562, 10524, 3348, 12073, 1354, 31242, 386, 2542, 387, 15329, 11, 51070]",0.0,-0.14957859936882467,2.011600928074246,0.02593572437763214
54,54,14020,154.32,157.0, про его интерактивный режим и запуск отдельных файлов,"[51070, 4178, 6448, 12073, 1272, 22325, 4441, 37710, 1006, 10333, 21303, 41199, 5783, 4394, 3183, 21650, 51204]",0.0,-0.14957859936882467,2.011600928074246,0.02593572437763214
55,55,14020,157.0,160.44," с кодом, о базовых понятиях языка, таких как литерал","[51204, 776, 981, 1435, 1253, 11, 1000, 39798, 49204, 7903, 21689, 24725, 29364, 2833, 11, 28572, 3014, 2344, 1635, 1135, 1218, 51376]",0.0,-0.14957859936882467,2.011600928074246,0.02593572437763214
56,56,14020,160.44,164.95999999999998," переменная, об IDE по HRM и как начать в ней работать,","[51376, 35903, 41994, 11, 3348, 40930, 2801, 19460, 44, 1006, 3014, 8970, 2209, 740, 23227, 33637, 11, 51602]",0.0,-0.14957859936882467,2.011600928074246,0.02593572437763214
57,57,14020,164.95999999999998,167.28, о получении данных со стандартного ввода.,"[51602, 1000, 9478, 15573, 19582, 5783, 7425, 3266, 12551, 27419, 4699, 740, 17533, 386, 13, 51718]",0.0,-0.14957859936882467,2.011600928074246,0.02593572437763214
58,58,14020,167.28,169.64, Теперь поговорим немного о базовых вещах.,"[51718, 25238, 38858, 2165, 26583, 1000, 39798, 49204, 27046, 7004, 13, 51836]",0.0,-0.14957859936882467,2.011600928074246,0.02593572437763214
59,59,16964,169.64,171.88, А именно об интерпретаторе Python.,"[50364, 3450, 20290, 3348, 12073, 1354, 31242, 386, 2542, 387, 15329, 13, 50476]",0.0,-0.1742098191205193,2.1327913279132793,0.023316964507102966
60,60,16964,171.88,173.51999999999998, Что такое интерпретатор?,"[50476, 13169, 18292, 12073, 1354, 31242, 386, 2542, 30, 50558]",0.0,-0.1742098191205193,2.1327913279132793,0.023316964507102966
61,61,16964,173.51999999999998,176.72," Это программа, выполняющая обострочный анализ, обработку","[50558, 6684, 29043, 14229, 11, 34771, 5151, 24219, 4251, 3348, 354, 5530, 4492, 4441, 17086, 28105, 11, 3348, 40410, 4401, 50718]",0.0,-0.1742098191205193,2.1327913279132793,0.023316964507102966
62,62,16964,176.72,178.92, и выполнение исходного кода Python.,"[50718, 1006, 34771, 489, 5627, 12410, 5280, 4699, 981, 22758, 15329, 13, 50828]",0.0,-0.1742098191205193,2.1327913279132793,0.023316964507102966
63,63,16964,178.92,182.44," Если вы уже расследовали инструкцию, которая была","[50828, 12412, 2840, 7520, 23345, 11112, 37651, 6635, 36526, 24718, 11, 19032, 13640, 51004]",0.0,-0.1742098191205193,2.1327913279132793,0.023316964507102966
64,64,16964,182.44,185.67999999999998," приложена к этому уроку, вы уже должны были по инструкции","[51004, 47251, 13362, 981, 31500, 1595, 32948, 585, 11, 2840, 7520, 27581, 14355, 2801, 6635, 36526, 12502, 51166]",0.0,-0.1742098191205193,2.1327913279132793,0.023316964507102966
65,65,16964,185.67999999999998,189.27999999999997, установить интерпретатор Python и IDE по HRM.,"[51166, 31866, 3258, 12073, 1354, 31242, 386, 2542, 15329, 1006, 40930, 2801, 19460, 44, 13, 51346]",0.0,-0.1742098191205193,2.1327913279132793,0.023316964507102966
66,66,16964,189.27999999999997,191.56, Давайте начнем с интерпретатора.,"[51346, 30487, 8970, 23977, 776, 12073, 1354, 31242, 386, 26250, 13, 51460]",0.0,-0.1742098191205193,2.1327913279132793,0.023316964507102966
67,67,16964,191.56,194.79999999999998," Для того, чтобы запустить интерпретатор, нам нужно","[51460, 21324, 11283, 11, 7887, 10333, 46937, 12073, 1354, 31242, 386, 2542, 11, 11401, 12264, 51622]",0.0,-0.1742098191205193,2.1327913279132793,0.023316964507102966
68,68,16964,194.79999999999998,199.56, открыть терминал и написать там ключевое слово Python.,"[51622, 27085, 1283, 21168, 919, 2599, 1218, 1006, 30442, 2209, 8223, 43398, 3515, 5805, 43272, 15329, 13, 51860]",0.0,-0.1742098191205193,2.1327913279132793,0.023316964507102966
69,69,19956,200.48,203.56," Если вы все правильно сделали, у вас откроется интерактивная","[50410, 12412, 2840, 4640, 39321, 44780, 11, 1595, 10655, 12799, 9938, 7299, 12073, 1272, 22325, 6323, 50564]",0.0,-0.21497257550557455,1.6878980891719746,0.005639613606035709
70,70,19956,203.56,204.56, среда Python.,"[50564, 20446, 386, 15329, 13, 50614]",0.0,-0.21497257550557455,1.6878980891719746,0.005639613606035709
71,71,19956,204.56,211.2, В ней вы можете выполнять код строка за строкой.,"[50614, 2348, 23227, 2840, 23578, 34771, 35824, 981, 1435, 18425, 20296, 4396, 18425, 29667, 13, 50946]",0.0,-0.21497257550557455,1.6878980891719746,0.005639613606035709
72,72,19956,211.2,215.72," Например, вы можете вывести какую-нибудь строку.","[50946, 39645, 11, 2840, 23578, 2840, 859, 19154, 45244, 12, 23561, 18425, 2637, 585, 13, 51172]",0.0,-0.21497257550557455,1.6878980891719746,0.005639613606035709
73,73,19956,215.72,218.24, Это делается с помощью функции print.,"[51172, 6684, 6649, 6970, 776, 36387, 39484, 12502, 4482, 13, 51298]",0.0,-0.21497257550557455,1.6878980891719746,0.005639613606035709
74,74,19956,218.24,221.76, Давайте выведем стандартный для начала курсов всех,"[51298, 30487, 2840, 32965, 1504, 3266, 12551, 27419, 4441, 5561, 40551, 28975, 461, 1055, 17260, 51474]",0.0,-0.21497257550557455,1.6878980891719746,0.005639613606035709
75,75,19956,221.76,227.36, по языкам программирования Hello World.,"[51474, 2801, 29364, 38708, 29043, 919, 10214, 8831, 2425, 3937, 13, 51754]",0.0,-0.21497257550557455,1.6878980891719746,0.005639613606035709
76,76,22736,227.36,232.04000000000002," Мы видим, что после нашего ввода на выводе появился","[50364, 12726, 38273, 11, 2143, 16107, 45309, 740, 17533, 386, 1470, 2840, 17533, 387, 20011, 14260, 50598]",0.0,-0.16616879190717423,1.7915407854984895,0.271762877702713
77,77,22736,232.04000000000002,233.04000000000002, Hello World.,"[50598, 2425, 3937, 13, 50648]",0.0,-0.16616879190717423,1.7915407854984895,0.271762877702713
78,78,22736,233.04000000000002,238.76000000000002, На самом деле можно в таком режиме выполнять все конструкции,"[50648, 11245, 22108, 23845, 8885, 740, 2936, 1253, 37710, 387, 34771, 35824, 4640, 6184, 36526, 12502, 50934]",0.0,-0.16616879190717423,1.7915407854984895,0.271762877702713
79,79,22736,238.76000000000002,242.68," языка, даже если они в одну строку не помещаются.","[50934, 29364, 2833, 11, 11210, 8042, 7515, 740, 37885, 18425, 2637, 585, 1725, 8613, 12932, 15955, 13, 51130]",0.0,-0.16616879190717423,1.7915407854984895,0.271762877702713
80,80,22736,242.68,245.16000000000003, Об этом мы поговорим чуть позже.,"[51130, 22853, 10755, 4777, 38858, 2165, 30422, 12188, 4757, 13, 51254]",0.0,-0.16616879190717423,1.7915407854984895,0.271762877702713
81,81,22736,245.16000000000003,250.12," А теперь давайте поговорим о том, как запустить исходный","[51254, 3450, 16983, 30412, 38858, 2165, 1000, 13294, 11, 3014, 10333, 46937, 12410, 5280, 4441, 51502]",0.0,-0.16616879190717423,1.7915407854984895,0.271762877702713
82,82,22736,250.12,254.36," код Python с помощью интерпретатора, но уже не в интерактивном","[51502, 981, 1435, 15329, 776, 36387, 12073, 1354, 31242, 386, 26250, 11, 6035, 7520, 1725, 740, 12073, 1272, 22325, 9950, 51714]",0.0,-0.16616879190717423,1.7915407854984895,0.271762877702713
83,83,22736,254.36,255.36, режиме.,"[51714, 37710, 387, 13, 51764]",0.0,-0.16616879190717423,1.7915407854984895,0.271762877702713
84,84,25536,255.36,259.04," Для этого давайте откроем любой текстовый редактор,","[50364, 21324, 10751, 30412, 12799, 9938, 1504, 42803, 1069, 34879, 1055, 4851, 42845, 1272, 2542, 11, 50548]",0.0,-0.3131535494769061,1.5964912280701755,0.5843854546546936
85,85,25536,259.04,260.04, который вам удобен.,"[50548, 11897, 10448, 35943, 1008, 13, 50598]",0.0,-0.3131535494769061,1.5964912280701755,0.5843854546546936
86,86,25536,260.04,263.48, У меня в моем случае это Sublime Text.,"[50598, 6523, 6885, 740, 9971, 1504, 26425, 2691, 8511, 40941, 18643, 13, 50770]",0.0,-0.3131535494769061,1.5964912280701755,0.5843854546546936
87,87,25536,263.48,266.08000000000004, И напишем то же самое.,"[50770, 3272, 9011, 9919, 1504, 4572, 6151, 25676, 13, 50900]",0.0,-0.3131535494769061,1.5964912280701755,0.5843854546546936
88,88,25536,266.08000000000004,272.24, Print Hello World.,"[50900, 34439, 2425, 3937, 13, 51208]",0.0,-0.3131535494769061,1.5964912280701755,0.5843854546546936
89,89,25536,272.24,273.24, Сохраним это.,"[51208, 2933, 20976, 8575, 2165, 2691, 13, 51258]",0.0,-0.3131535494769061,1.5964912280701755,0.5843854546546936
90,90,25536,273.24,274.24, Отлично.,"[51258, 18611, 40955, 13, 51308]",0.0,-0.3131535494769061,1.5964912280701755,0.5843854546546936
91,91,25536,274.24,276.96000000000004, Мы сохранили это файл hello.py.,"[51308, 12726, 38696, 481, 3733, 1675, 2691, 4394, 3183, 693, 7751, 13, 8200, 13, 51444]",0.0,-0.3131535494769061,1.5964912280701755,0.5843854546546936
92,92,25536,276.96000000000004,278.44, Давайте теперь вернемся в терминал.,"[51444, 30487, 16983, 10544, 23977, 1679, 740, 21168, 919, 2599, 1218, 13, 51518]",0.0,-0.3131535494769061,1.5964912280701755,0.5843854546546936
93,93,25536,278.44,285.04, Я это сохранил в папку Example.,"[51518, 4857, 2691, 41571, 2338, 740, 39322, 4401, 24755, 781, 13, 51848]",0.0,-0.3131535494769061,1.5964912280701755,0.5843854546546936
94,94,28504,285.72,289.32, Вот он наш hello.py.,"[50398, 9756, 5345, 8253, 7751, 13, 8200, 13, 50578]",0.0,-0.21765280578096033,1.7514792899408285,0.11588947474956512
95,95,28504,289.32,292.76000000000005," Чтобы запустить исходный код через файл, нужно написать","[50578, 36026, 10333, 46937, 12410, 5280, 4441, 981, 1435, 17341, 4394, 3183, 693, 11, 12264, 30442, 2209, 50750]",0.0,-0.21765280578096033,1.7514792899408285,0.11588947474956512
96,96,28504,292.76000000000005,298.32000000000005, также ключевое слово Python и указать файл вместе с,"[50750, 16584, 43398, 3515, 5805, 43272, 15329, 1006, 32546, 1990, 2209, 4394, 3183, 693, 26905, 776, 51028]",0.0,-0.21765280578096033,1.7514792899408285,0.11588947474956512
97,97,28504,298.32000000000005,302.28000000000003, расширением hello.py.,"[51028, 7459, 1198, 4490, 21297, 7751, 13, 8200, 13, 51226]",0.0,-0.21765280578096033,1.7514792899408285,0.11588947474956512
98,98,28504,302.28000000000003,306.52000000000004," Видим, что у нас на стандартный вывод вывелась наша Hello World.","[51226, 42888, 2165, 11, 2143, 1595, 6519, 1470, 3266, 12551, 27419, 4441, 2840, 17533, 2840, 859, 1414, 10285, 48513, 2425, 3937, 13, 51438]",0.0,-0.21765280578096033,1.7514792899408285,0.11588947474956512
99,99,28504,306.52000000000004,309.8," То есть это абсолютно аналогично тому, что мы делали в интерактивной","[51438, 16047, 5640, 2691, 35060, 17086, 49895, 40680, 23644, 11, 2143, 4777, 6649, 4071, 740, 12073, 1272, 22325, 5007, 51602]",0.0,-0.21765280578096033,1.7514792899408285,0.11588947474956512
100,100,28504,309.8,310.8, среде.,"[51602, 20446, 387, 13, 51652]",0.0,-0.21765280578096033,1.7514792899408285,0.11588947474956512
101,101,28504,310.8,313.84000000000003, Мы сейчас с вами рассмотрели варианты разработки в,"[51652, 12726, 10241, 776, 24166, 23345, 11128, 8334, 42442, 698, 38976, 2241, 740, 51804]",0.0,-0.21765280578096033,1.7514792899408285,0.11588947474956512
102,102,31384,313.91999999999996,317.08, интерактивной среде и в текстовом файле.,"[50368, 12073, 1272, 22325, 5007, 20446, 387, 1006, 740, 1069, 34879, 1055, 1253, 4394, 3183, 7635, 13, 50526]",0.0,-0.20048883405782408,2.0327868852459017,0.4602479934692383
103,103,31384,317.08,321.23999999999995, Но для промышленной разработки такие варианты не подходят.,"[50526, 7264, 5561, 42988, 12533, 11586, 5007, 38976, 2241, 20113, 42442, 698, 1725, 44617, 4558, 13, 50734]",0.0,-0.20048883405782408,2.0327868852459017,0.4602479934692383
104,104,31384,321.23999999999995,325.15999999999997," На самом деле, конечно, можно в текстовом редакторе","[50734, 11245, 22108, 23845, 11, 15271, 11, 8885, 740, 1069, 34879, 1055, 1253, 42845, 1272, 2542, 387, 50930]",0.0,-0.20048883405782408,2.0327868852459017,0.4602479934692383
105,105,31384,325.15999999999997,329.2," все делать, но существует такое понятие как интерактивность","[50930, 4640, 19284, 11, 6035, 30447, 17781, 18292, 7903, 21689, 387, 3014, 12073, 1272, 22325, 9930, 51132]",0.0,-0.20048883405782408,2.0327868852459017,0.4602479934692383
106,106,31384,329.2,330.96, среда разработки IDE.,"[51132, 20446, 386, 38976, 2241, 40930, 13, 51220]",0.0,-0.20048883405782408,2.0327868852459017,0.4602479934692383
107,107,31384,330.96,332.52, Чем они полезны?,"[51220, 7099, 1504, 7515, 40191, 1834, 30, 51298]",0.0,-0.20048883405782408,2.0327868852459017,0.4602479934692383
108,108,31384,332.52,335.47999999999996, Как минимум это текстовый редактор тоже.,"[51298, 11011, 45754, 5525, 2691, 1069, 34879, 1055, 4851, 42845, 1272, 2542, 12251, 13, 51446]",0.0,-0.20048883405782408,2.0327868852459017,0.4602479934692383
109,109,31384,335.47999999999996,339.96," Во-вторых, они предлагают разные инструменты для","[51446, 24334, 12, 859, 2542, 7205, 11, 7515, 46841, 6406, 43059, 44572, 698, 5561, 51670]",0.0,-0.20048883405782408,2.0327868852459017,0.4602479934692383
110,110,33996,340.15999999999997,344.12," запуска и отладки вашего кода, а также помогают вам","[50374, 10333, 33101, 1006, 2943, 10396, 2241, 14536, 4353, 981, 22758, 11, 2559, 16584, 27097, 6406, 10448, 50572]",0.0,-0.21255205003477687,1.896551724137931,0.47547680139541626
111,111,33996,344.12,347.64," синтаксисом языка, то есть с переносами.","[50572, 47079, 13721, 461, 3323, 1253, 29364, 2833, 11, 4572, 5640, 776, 4321, 1008, 1885, 5150, 13, 50748]",0.0,-0.21255205003477687,1.896551724137931,0.47547680139541626
112,112,33996,347.64,351.2," Где-то вы описались, что-то забыли, опечатались, вам","[50748, 41996, 12, 860, 2840, 32190, 15020, 11, 2143, 12, 860, 13890, 698, 1675, 11, 7683, 35534, 15020, 11, 10448, 50926]",0.0,-0.21255205003477687,1.896551724137931,0.47547680139541626
113,113,33996,351.2,354.2, эта интерактивность среда подсветит и предложит иногда,"[50926, 21396, 12073, 1272, 22325, 9930, 20446, 386, 4095, 461, 10828, 1635, 1006, 40373, 1635, 43749, 51076]",0.0,-0.21255205003477687,1.896551724137931,0.47547680139541626
114,114,33996,354.2,356.67999999999995, даже варианты исправления.,"[51076, 11210, 42442, 698, 11265, 5608, 17881, 13, 51200]",0.0,-0.21255205003477687,1.896551724137931,0.47547680139541626
115,115,33996,356.67999999999995,361.15999999999997, Вы уже по инструкции должны были установить IDE.PageArm.,"[51200, 11886, 7520, 2801, 6635, 36526, 12502, 27581, 14355, 31866, 3258, 40930, 13, 47, 609, 10683, 76, 13, 51424]",0.0,-0.21255205003477687,1.896551724137931,0.47547680139541626
116,116,33996,361.15999999999997,363.88," Давайте ее откроем, запустим.","[51424, 30487, 14803, 12799, 9938, 1504, 11, 10333, 15028, 2165, 13, 51560]",0.0,-0.21255205003477687,1.896551724137931,0.47547680139541626
117,117,33996,363.88,367.56," Для вас будет приветствовать такое окно, в котором можно","[51560, 21324, 10655, 7306, 33879, 2981, 14069, 18292, 11423, 1234, 11, 740, 39818, 8885, 51744]",0.0,-0.21255205003477687,1.896551724137931,0.47547680139541626
118,118,33996,367.56,369.44, создать либо новый проект.,"[51744, 20247, 2209, 31100, 38121, 32275, 13, 51838]",0.0,-0.21255205003477687,1.896551724137931,0.47547680139541626
119,119,36944,369.44,371.4, Давайте попробуем.,"[50364, 30487, 34089, 33096, 13, 50462]",0.0,-0.23545480346679687,1.944927536231884,0.04739075154066086
120,120,36944,371.4,375.71999999999997," Здесь мы выбираем, во-первых, куда мы его сохраним.","[50462, 23367, 4777, 18061, 22204, 1504, 11, 7900, 12, 48395, 11, 27509, 4777, 6448, 41571, 2165, 13, 50678]",0.0,-0.23545480346679687,1.944927536231884,0.04739075154066086
121,121,36944,375.71999999999997,380.16, Тут некоторые значения по умолчанию нам подсказывает,"[50678, 35358, 43876, 27605, 5332, 2801, 17497, 1227, 753, 34537, 11401, 4095, 4218, 10442, 3310, 50900]",0.0,-0.23545480346679687,1.944927536231884,0.04739075154066086
122,122,36944,380.16,381.16, сама IDE.,"[50900, 40517, 40930, 13, 50950]",0.0,-0.23545480346679687,1.944927536231884,0.04739075154066086
123,123,36944,381.16,383.88, Но обычно мы хотим в какое-то другое место сохранить.,"[50950, 7264, 41878, 4777, 11515, 2165, 740, 37932, 12, 860, 1070, 48573, 387, 26241, 41571, 3258, 13, 51086]",0.0,-0.23545480346679687,1.944927536231884,0.04739075154066086
124,124,36944,383.88,385.56, Тут можно это выбрать.,"[51086, 35358, 8885, 2691, 18061, 30260, 13, 51170]",0.0,-0.23545480346679687,1.944927536231884,0.04739075154066086
125,125,36944,385.56,388.08, И также нужно выбрать еще интерпретатор.,"[51170, 3272, 16584, 12264, 18061, 30260, 9910, 12073, 39263, 20513, 2542, 13, 51296]",0.0,-0.23545480346679687,1.944927536231884,0.04739075154066086
126,126,36944,388.08,391.84," Это, скорее всего, у вас будет один из вариантов,","[51296, 6684, 11, 41420, 15520, 11, 1595, 10655, 7306, 13319, 3943, 32382, 1416, 8642, 11, 51484]",0.0,-0.23545480346679687,1.944927536231884,0.04739075154066086
127,127,36944,391.84,393.12," тот, что вы установили.","[51484, 23900, 11, 2143, 2840, 31866, 5435, 13, 51548]",0.0,-0.23545480346679687,1.944927536231884,0.04739075154066086
128,128,36944,393.12,397.76," Но если у вас почему-то есть несколько, вы можете","[51548, 7264, 8042, 1595, 10655, 21513, 12, 860, 5640, 21902, 11, 2840, 23578, 51780]",0.0,-0.23545480346679687,1.944927536231884,0.04739075154066086
129,129,39776,397.84,399.32, выбрать подходящий.,"[50368, 18061, 30260, 44617, 16076, 6251, 13, 50442]",0.0,-0.3258317379241294,1.8014440433212997,0.25042206048965454
130,130,39776,399.32,403.64, Но нас сейчас будет больше интересовать открытие уже,"[50442, 7264, 6519, 10241, 7306, 12846, 15033, 14069, 27085, 3396, 387, 7520, 50658]",0.0,-0.3258317379241294,1.8014440433212997,0.25042206048965454
131,131,39776,403.64,405.03999999999996, существующего проекта.,"[50658, 30447, 17249, 4353, 32275, 386, 13, 50728]",0.0,-0.3258317379241294,1.8014440433212997,0.25042206048965454
132,132,39776,405.03999999999996,408.44, Это кнопка Open.,"[50728, 6684, 40450, 2833, 7238, 13, 50898]",0.0,-0.3258317379241294,1.8014440433212997,0.25042206048965454
133,133,39776,408.44,412.71999999999997, Выбираете папку и нажимаете Open.,"[50898, 11886, 1552, 4490, 17670, 39322, 4401, 1006, 35675, 2165, 17670, 7238, 13, 51112]",0.0,-0.3258317379241294,1.8014440433212997,0.25042206048965454
134,134,39776,412.71999999999997,415.8, У нас открывается ваш проект.,"[51112, 6523, 6519, 44543, 6970, 14536, 32275, 13, 51266]",0.0,-0.3258317379241294,1.8014440433212997,0.25042206048965454
135,135,39776,415.8,420.32," И вот, собственно, тут в левой части информация о","[51266, 3272, 5505, 11, 49863, 11, 12848, 740, 2344, 42308, 29168, 29117, 21235, 1000, 51492]",0.0,-0.3258317379241294,1.8014440433212997,0.25042206048965454
136,136,39776,420.32,423.96," проекте, мы можем увидеть структуру нашего проекта.","[51492, 4178, 2872, 5863, 11, 4777, 28815, 46095, 3266, 2711, 755, 13549, 2711, 45309, 32275, 386, 13, 51674]",0.0,-0.3258317379241294,1.8014440433212997,0.25042206048965454
137,137,42396,423.96,426.59999999999997, Вот наша папка Example и HelloPy.,"[50364, 9756, 48513, 39322, 2833, 24755, 781, 1006, 2425, 47, 88, 13, 50496]",0.0,-0.3276069850137789,1.76536312849162,0.40288516879081726
138,138,42396,426.59999999999997,429.68," И видим то же самое, что мы набирали в текстовом","[50496, 3272, 38273, 4572, 6151, 25676, 11, 2143, 4777, 22499, 4490, 4071, 740, 1069, 34879, 1055, 1253, 50650]",0.0,-0.3276069850137789,1.76536312849162,0.40288516879081726
139,139,42396,429.68,430.68, редакторе.,"[50650, 42845, 1272, 2542, 387, 13, 50700]",0.0,-0.3276069850137789,1.76536312849162,0.40288516879081726
140,140,42396,430.68,433.68, Давайте попробуем запустить эту программу.,"[50700, 30487, 34089, 33096, 10333, 46937, 18763, 29043, 11147, 13, 50850]",0.0,-0.3276069850137789,1.76536312849162,0.40288516879081726
141,141,42396,433.68,435.68, Мы выбираем Run.,"[50850, 12726, 18061, 22204, 1504, 8950, 13, 50950]",0.0,-0.3276069850137789,1.76536312849162,0.40288516879081726
142,142,42396,435.68,437.12, Здесь еще раз Run.,"[50950, 23367, 9910, 4203, 8950, 13, 51022]",0.0,-0.3276069850137789,1.76536312849162,0.40288516879081726
143,143,42396,437.12,438.76, И здесь Hello.,"[51022, 3272, 9087, 2425, 13, 51104]",0.0,-0.3276069850137789,1.76536312849162,0.40288516879081726
144,144,42396,438.76,439.76, Выбираем.,"[51104, 11886, 1552, 22204, 1504, 13, 51154]",0.0,-0.3276069850137789,1.76536312849162,0.40288516879081726
145,145,42396,439.76,443.0," Видим, что получили тот же вывод.","[51154, 42888, 2165, 11, 2143, 9478, 5435, 23900, 6151, 2840, 17533, 13, 51316]",0.0,-0.3276069850137789,1.76536312849162,0.40288516879081726
146,146,42396,443.0,444.0, HelloWorld.,"[51316, 2425, 37881, 13, 51366]",0.0,-0.3276069850137789,1.76536312849162,0.40288516879081726
147,147,42396,444.0,447.2," Первая строка, она, на самом деле, аналогична тому,","[51366, 34182, 4251, 18425, 20296, 11, 8826, 11, 1470, 22108, 23845, 11, 17086, 49895, 3903, 1931, 23644, 11, 51526]",0.0,-0.3276069850137789,1.76536312849162,0.40288516879081726
148,148,42396,447.2,450.84, что мы писали в интерпретаторе без интерактивного режима.,"[51526, 2143, 4777, 39739, 4071, 740, 12073, 39263, 20513, 2542, 387, 10969, 12073, 1272, 22325, 4699, 37710, 386, 13, 51708]",0.0,-0.3276069850137789,1.76536312849162,0.40288516879081726
149,149,42396,450.84,453.4," То есть Python, hello.py.","[51708, 16047, 5640, 15329, 11, 7751, 13, 8200, 13, 51836]",0.0,-0.3276069850137789,1.76536312849162,0.40288516879081726
150,150,45340,453.88,457.96, Только еще с дополнительными опциями и абсолютными путями.,"[50388, 36021, 9910, 776, 45120, 7809, 15076, 7683, 17651, 6293, 1006, 32078, 15076, 37581, 31215, 13, 50592]",0.0,-0.276049550374349,1.8246153846153845,0.15178464353084564
151,151,45340,457.96,464.08," И в конце у нас есть сообщение, которое говорит о том, что","[50592, 3272, 740, 38769, 1595, 6519, 5640, 40626, 5627, 11, 32000, 25083, 1000, 13294, 11, 2143, 50898]",0.0,-0.276049550374349,1.8246153846153845,0.15178464353084564
152,152,45340,464.08,465.4, мы завершили с кодом 0.,"[50898, 4777, 13388, 19465, 5435, 776, 981, 1435, 1253, 1958, 13, 50964]",0.0,-0.276049550374349,1.8246153846153845,0.15178464353084564
153,153,45340,465.4,467.88, То есть без ошибок это обычно значит.,"[50964, 16047, 5640, 10969, 40253, 2637, 2691, 41878, 24013, 13, 51088]",0.0,-0.276049550374349,1.8246153846153845,0.15178464353084564
154,154,45340,467.88,471.2, Давайте теперь поговорим о базовых вещах в языке Python.,"[51088, 30487, 16983, 38858, 2165, 1000, 39798, 49204, 27046, 7004, 740, 29364, 8222, 15329, 13, 51254]",0.0,-0.276049550374349,1.8246153846153845,0.15178464353084564
155,155,45340,471.2,472.2, Начнем с литералы.,"[51254, 48493, 23977, 776, 2344, 1635, 1135, 49193, 13, 51304]",0.0,-0.276049550374349,1.8246153846153845,0.15178464353084564
156,156,45340,472.2,474.71999999999997," Литерал – это то же самое, что константа.","[51304, 7853, 1635, 1135, 1218, 1662, 2691, 4572, 6151, 25676, 11, 2143, 6184, 982, 1416, 10788, 13, 51430]",0.0,-0.276049550374349,1.8246153846153845,0.15178464353084564
157,157,45340,474.71999999999997,478.52," Например, 123 – число.","[51430, 39645, 11, 34466, 1662, 23201, 4610, 13, 51620]",0.0,-0.276049550374349,1.8246153846153845,0.15178464353084564
158,158,45340,478.52,480.0, Это константа.,"[51620, 6684, 6184, 982, 1416, 10788, 13, 51694]",0.0,-0.276049550374349,1.8246153846153845,0.15178464353084564
159,159,48000,480.0,483.28, Строка ABC – это тоже константа.,"[50364, 2933, 13981, 20296, 22342, 1662, 2691, 12251, 6184, 982, 1416, 10788, 13, 50528]",0.0,-0.3401166634966237,1.8644067796610169,0.00711933895945549
160,160,48000,485.88,488.48, Следующая сущность – это переменная.,"[50658, 48301, 17249, 4251, 776, 17263, 9930, 1662, 2691, 35903, 41994, 13, 50788]",0.0,-0.3401166634966237,1.8644067796610169,0.00711933895945549
161,161,48000,488.48,490.24, Что такое переменная?,"[50788, 13169, 18292, 35903, 41994, 30, 50876]",0.0,-0.3401166634966237,1.8644067796610169,0.00711933895945549
162,162,48000,490.24,493.16," Это сущность в коде, используемая для хранения данных.","[50876, 6684, 776, 17263, 9930, 740, 981, 44156, 11, 15552, 33096, 4251, 5561, 3490, 8575, 5332, 19582, 5783, 13, 51022]",0.0,-0.3401166634966237,1.8644067796610169,0.00711933895945549
163,163,48000,493.16,494.64," Например, померуточного результата.","[51022, 39645, 11, 8613, 1135, 3767, 4492, 4699, 17749, 19615, 19808, 13, 51096]",0.0,-0.3401166634966237,1.8644067796610169,0.00711933895945549
164,164,48000,494.64,498.44, В языке Python переменная задается следующим образом.,"[51096, 2348, 29364, 8222, 15329, 35903, 41994, 14787, 6970, 26045, 2165, 29916, 13, 51286]",0.0,-0.3401166634966237,1.8644067796610169,0.00711933895945549
165,165,48000,498.44,500.52, Задается сначала имя переменной.,"[51286, 5841, 2601, 6970, 44437, 7604, 681, 35903, 36203, 13, 51390]",0.0,-0.3401166634966237,1.8644067796610169,0.00711933895945549
166,166,48000,500.52,501.52, Пусть будет var.,"[51390, 2608, 585, 3167, 7306, 1374, 13, 51440]",0.0,-0.3401166634966237,1.8644067796610169,0.00711933895945549
167,167,48000,501.52,502.96, Потом знак равенства.,"[51440, 45941, 31949, 19353, 1008, 12115, 13, 51512]",0.0,-0.3401166634966237,1.8644067796610169,0.00711933895945549
168,168,48000,502.96,506.84, И дальше выражение некоторое.,"[51512, 3272, 26814, 2840, 24270, 5627, 26666, 5805, 13, 51706]",0.0,-0.3401166634966237,1.8644067796610169,0.00711933895945549
169,169,48000,506.84,508.76, Давайте мы напишем здесь 123.,"[51706, 30487, 4777, 9011, 9919, 1504, 9087, 34466, 13, 51802]",0.0,-0.3401166634966237,1.8644067796610169,0.00711933895945549
170,170,51000,510.08,511.6, Что значит этот код?,"[50368, 13169, 24013, 11508, 981, 1435, 30, 50444]",0.0,-0.26647942860921225,1.8833333333333333,0.003323664888739586
171,171,51000,511.6,515.84," Значит, что в переменную с именем var записать значение","[50444, 44827, 11, 2143, 740, 35903, 1008, 9882, 776, 7604, 1008, 1504, 1374, 36426, 2209, 27605, 5627, 50656]",0.0,-0.26647942860921225,1.8833333333333333,0.003323664888739586
172,172,51000,515.84,517.52, литерала 123.,"[50656, 2344, 1635, 1135, 6232, 34466, 13, 50740]",0.0,-0.26647942860921225,1.8833333333333333,0.003323664888739586
173,173,51000,517.52,518.52, Константы.,"[50740, 23827, 982, 15073, 698, 13, 50790]",0.0,-0.26647942860921225,1.8833333333333333,0.003323664888739586
174,174,51000,518.52,524.36, Также можно создать другую переменную var2 и в нее записать,"[50790, 38751, 8885, 20247, 2209, 8435, 3924, 35903, 1008, 9882, 1374, 17, 1006, 740, 33518, 36426, 2209, 51082]",0.0,-0.26647942860921225,1.8833333333333333,0.003323664888739586
175,175,51000,524.36,526.4, строку ABC.,"[51082, 18425, 2637, 585, 22342, 13, 51184]",0.0,-0.26647942860921225,1.8833333333333333,0.003323664888739586
176,176,51000,529.24,530.24, Замечательно.,"[51326, 5841, 1685, 4310, 20279, 13, 51376]",0.0,-0.26647942860921225,1.8833333333333333,0.003323664888739586
177,177,51000,530.24,532.72, Язык Python является динамически типизирован.,"[51376, 4857, 23787, 755, 15329, 29755, 1070, 2599, 1685, 38187, 26264, 5572, 48317, 13, 51500]",0.0,-0.26647942860921225,1.8833333333333333,0.003323664888739586
178,178,51000,532.72,533.72, Что это значит?,"[51500, 13169, 2691, 24013, 30, 51550]",0.0,-0.26647942860921225,1.8833333333333333,0.003323664888739586
179,179,51000,533.72,536.32," Это значит, что нам не нужно писать имя типа перед","[51550, 6684, 24013, 11, 2143, 11401, 1725, 12264, 39739, 2209, 7604, 681, 35443, 15621, 51680]",0.0,-0.26647942860921225,1.8833333333333333,0.003323664888739586
180,180,51000,536.32,537.32, объявлением перемен.,"[51680, 16646, 12998, 693, 21297, 35903, 1008, 13, 51730]",0.0,-0.26647942860921225,1.8833333333333333,0.003323664888739586
181,181,53732,537.8000000000001,540.72," Это дополнительно значит, что мы в любую переменную","[50388, 6684, 45120, 15884, 24013, 11, 2143, 4777, 740, 9875, 3924, 35903, 1008, 9882, 50534]",0.0,-0.23460874644988175,1.9206896551724137,0.08875494450330734
182,182,53732,540.72,543.0400000000001, можем положить любое значение.,"[50534, 28815, 29408, 3258, 9875, 5805, 27605, 5627, 13, 50650]",0.0,-0.23460874644988175,1.9206896551724137,0.08875494450330734
183,183,53732,543.0400000000001,544.0400000000001, То есть любой тип.,"[50650, 16047, 5640, 42803, 26264, 13, 50700]",0.0,-0.23460874644988175,1.9206896551724137,0.08875494450330734
184,184,53732,544.0400000000001,550.8000000000001," Например, мы можем в переменную var3 положить сначала 123,","[50700, 39645, 11, 4777, 28815, 740, 35903, 1008, 9882, 1374, 18, 29408, 3258, 44437, 34466, 11, 51038]",0.0,-0.23460874644988175,1.9206896551724137,0.08875494450330734
185,185,53732,550.8000000000001,552.88, что является числовым типом данных.,"[51038, 2143, 29755, 23201, 21650, 11250, 26264, 1253, 19582, 5783, 13, 51142]",0.0,-0.23460874644988175,1.9206896551724137,0.08875494450330734
186,186,53732,552.88,557.72, А потом туда же положить строку ABC.,"[51142, 3450, 16873, 30433, 6151, 29408, 3258, 18425, 2637, 585, 22342, 13, 51384]",0.0,-0.23460874644988175,1.9206896551724137,0.08875494450330734
187,187,53732,557.72,562.4000000000001, И это будет валидным кодом.,"[51384, 3272, 2691, 7306, 42187, 3586, 8412, 981, 1435, 1253, 13, 51618]",0.0,-0.23460874644988175,1.9206896551724137,0.08875494450330734
188,188,53732,562.4000000000001,564.7600000000001, Интерпретатор на это не будет ругаться.,"[51618, 27222, 8187, 1354, 31242, 386, 2542, 1470, 2691, 1725, 7306, 17292, 1906, 8525, 13, 51736]",0.0,-0.23460874644988175,1.9206896551724137,0.08875494450330734
189,189,53732,564.7600000000001,565.7600000000001, Все хорошо.,"[51736, 18029, 16977, 13, 51786]",0.0,-0.23460874644988175,1.9206896551724137,0.08875494450330734
190,190,56576,565.96,568.08, Что еще хотелось сразу подметить.,"[50374, 13169, 9910, 27688, 8049, 22014, 4095, 23218, 3258, 13, 50480]",0.0,-0.2517714202404022,2.0508982035928143,0.020008886232972145
191,191,56576,568.08,573.3199999999999, В языке часто будет встречать конструкции с такой вот,"[50480, 2348, 29364, 8222, 26549, 7306, 25669, 2209, 6184, 36526, 12502, 776, 13452, 5505, 50742]",0.0,-0.2517714202404022,2.0508982035928143,0.020008886232972145
192,192,56576,573.3199999999999,574.3199999999999, решеткой.,"[50742, 14025, 1094, 11565, 13, 50792]",0.0,-0.2517714202404022,2.0508982035928143,0.020008886232972145
193,193,56576,574.3199999999999,575.84, Это называется комментарий.,"[50792, 6684, 40659, 36558, 6251, 13, 50868]",0.0,-0.2517714202404022,2.0508982035928143,0.020008886232972145
194,194,56576,575.84,580.48," Видите, нам даже IDE специальным образом выделило этот кусок","[50868, 42888, 5878, 11, 11401, 11210, 40930, 25665, 45384, 29916, 2840, 7946, 22201, 11508, 48431, 2637, 51100]",0.0,-0.2517714202404022,2.0508982035928143,0.020008886232972145
195,195,56576,580.48,581.84," кода, он стал серым.","[51100, 981, 22758, 11, 5345, 28980, 14490, 11250, 13, 51168]",0.0,-0.2517714202404022,2.0508982035928143,0.020008886232972145
196,196,56576,581.84,582.84, Для чего это нужно?,"[51168, 21324, 19275, 2691, 12264, 30, 51218]",0.0,-0.2517714202404022,2.0508982035928143,0.020008886232972145
197,197,56576,582.84,585.72," Это, во-первых, называется комментарием.","[51218, 6684, 11, 7900, 12, 48395, 11, 40659, 36558, 435, 1504, 13, 51362]",0.0,-0.2517714202404022,2.0508982035928143,0.020008886232972145
198,198,56576,585.72,590.08," Во-вторых, это нужно, чтобы какие-то куски кода или","[51362, 24334, 12, 859, 2542, 7205, 11, 2691, 12264, 11, 7887, 19971, 12, 860, 48431, 2241, 981, 22758, 8101, 51580]",0.0,-0.2517714202404022,2.0508982035928143,0.020008886232972145
199,199,56576,590.08,594.08," каких-то комментариев ваших, возможно, словесных пояснений","[51580, 44178, 12, 860, 32469, 16370, 3515, 14536, 4165, 11, 26740, 11, 20319, 2292, 5783, 2801, 15293, 489, 17271, 51780]",0.0,-0.2517714202404022,2.0508982035928143,0.020008886232972145
200,200,59408,594.1600000000001,598.12," Интерпретатор не обрабатывал как код, а просто пропускал.","[50368, 27222, 8187, 1354, 31242, 386, 2542, 1725, 3348, 481, 42304, 4655, 1218, 3014, 981, 1435, 11, 2559, 8221, 23497, 21303, 1218, 13, 50566]",0.0,-0.23587592309262573,1.935483870967742,0.0608946830034256
201,201,59408,598.12,601.2800000000001, Также можно комментировать сразу несколько строк и,"[50566, 38751, 8885, 7761, 17859, 34996, 2209, 22014, 21902, 18425, 2637, 1006, 50724]",0.0,-0.23587592309262573,1.935483870967742,0.0608946830034256
202,202,59408,601.2800000000001,603.2, раскомментировать обратно.,"[50724, 7459, 14937, 17859, 34996, 2209, 29851, 1234, 13, 50820]",0.0,-0.23587592309262573,1.935483870967742,0.0608946830034256
203,203,59408,603.2,609.9200000000001," В, например, на macos это комбинация command slash.","[50820, 2348, 11, 24044, 11, 1470, 7912, 329, 2691, 7761, 1552, 7861, 17651, 5622, 17330, 13, 51156]",0.0,-0.23587592309262573,1.935483870967742,0.0608946830034256
204,204,59408,609.9200000000001,612.32, Комментируют либо раскомментируют обратно.,"[51156, 3422, 1253, 17859, 3396, 2711, 7329, 31100, 7459, 14937, 17859, 3396, 2711, 7329, 29851, 1234, 13, 51276]",0.0,-0.23587592309262573,1.935483870967742,0.0608946830034256
205,205,59408,612.32,615.48," Давайте теперь поговорим о том, как вводить данные","[51276, 30487, 16983, 38858, 2165, 1000, 13294, 11, 3014, 740, 17533, 3258, 19582, 4970, 51434]",0.0,-0.23587592309262573,1.935483870967742,0.0608946830034256
206,206,59408,615.48,617.64, пользователя с клавиатуры.,"[51434, 44803, 41330, 776, 14815, 1828, 435, 2134, 36106, 13, 51542]",0.0,-0.23587592309262573,1.935483870967742,0.0608946830034256
207,207,59408,617.64,620.48, Для этого есть функция input.,"[51542, 21324, 10751, 5640, 39484, 17651, 4846, 13, 51684]",0.0,-0.23587592309262573,1.935483870967742,0.0608946830034256
208,208,62048,620.48,624.76, Давайте рассмотрим следующий фрагмент кода.,"[50364, 30487, 23345, 11128, 2165, 26045, 6251, 4394, 481, 5583, 20213, 981, 22758, 13, 50578]",0.0,-0.16903928673785665,1.959375,0.08029909431934357
209,209,62048,624.76,630.0," Мы в переменную war3 записываем значение того, что нам вернет","[50578, 12726, 740, 35903, 1008, 9882, 1516, 18, 36426, 39276, 27605, 5627, 11283, 11, 2143, 11401, 10544, 27021, 50840]",0.0,-0.16903928673785665,1.959375,0.08029909431934357
210,210,62048,630.0,634.32," функция input, а она нам вернет то, что пользователь ведет","[50840, 39484, 17651, 4846, 11, 2559, 8826, 11401, 10544, 27021, 4572, 11, 2143, 44803, 10272, 35126, 1094, 51056]",0.0,-0.16903928673785665,1.959375,0.08029909431934357
211,211,62048,634.32,635.9200000000001, с командной строки.,"[51056, 776, 35991, 5007, 18425, 48110, 13, 51136]",0.0,-0.16903928673785665,1.959375,0.08029909431934357
212,212,62048,635.9200000000001,640.28, При этом в командной строке пользователя будет ожидать,"[51136, 22059, 10755, 740, 35991, 5007, 18425, 2637, 387, 44803, 41330, 7306, 47136, 2209, 51354]",0.0,-0.16903928673785665,1.959375,0.08029909431934357
213,213,62048,640.28,644.2, вот это сообщение enter your age и двоеточие.,"[51354, 5505, 2691, 40626, 5627, 3242, 428, 3205, 1006, 7196, 5805, 20483, 5299, 13, 51550]",0.0,-0.16903928673785665,1.959375,0.08029909431934357
214,214,62048,644.2,647.64," Давайте запустим этот фрагмент кода и посмотрим, что у нас","[51550, 30487, 10333, 15028, 2165, 11508, 4394, 481, 5583, 20213, 981, 22758, 1006, 42293, 11, 2143, 1595, 6519, 51722]",0.0,-0.16903928673785665,1.959375,0.08029909431934357
215,215,62048,647.64,649.52, получится.,"[51722, 49579, 13, 51816]",0.0,-0.16903928673785665,1.959375,0.08029909431934357
216,216,64952,649.52,652.1999999999999," Как видим, программа вывела приветственное сообщение.","[50364, 11011, 38273, 11, 29043, 14229, 2840, 859, 19097, 33879, 12134, 6126, 40626, 5627, 13, 50498]",0.0,-0.2818759882225181,2.0381944444444446,0.2306906133890152
217,217,64952,652.1999999999999,658.84," Давайте передадим ей туда 123 и видим, что программа","[50498, 30487, 15621, 2601, 2165, 30075, 30433, 34466, 1006, 38273, 11, 2143, 29043, 14229, 50830]",0.0,-0.2818759882225181,2.0381944444444446,0.2306906133890152
218,218,64952,658.84,659.84, завершилась.,"[50830, 13388, 19465, 19522, 13, 50880]",0.0,-0.2818759882225181,2.0381944444444446,0.2306906133890152
219,219,64952,659.84,663.24," Потому что мы с этими данными ничего не делали, записали","[50880, 23671, 2143, 4777, 776, 4030, 11426, 19582, 15076, 16630, 1725, 6649, 4071, 11, 36426, 4071, 51050]",0.0,-0.2818759882225181,2.0381944444444446,0.2306906133890152
220,220,64952,663.24,666.84, просто в переменную и дальше вышли из программы.,"[51050, 8221, 740, 35903, 1008, 9882, 1006, 26814, 33994, 1675, 3943, 29043, 25592, 13, 51230]",0.0,-0.2818759882225181,2.0381944444444446,0.2306906133890152
221,221,64952,666.84,670.72," Давайте проверим, что на самом деле то, что мы ввели,","[51230, 30487, 30901, 2165, 11, 2143, 1470, 22108, 23845, 4572, 11, 2143, 4777, 740, 859, 8334, 11, 51424]",0.0,-0.2818759882225181,2.0381944444444446,0.2306906133890152
222,222,64952,670.72,676.52," оно и выведется, добавив вот такой кусок кода.","[51424, 25369, 1006, 2840, 32965, 7299, 11, 23856, 2739, 5505, 13452, 48431, 2637, 981, 22758, 13, 51714]",0.0,-0.2818759882225181,2.0381944444444446,0.2306906133890152
223,223,67652,676.52,681.04," Мы выведем print, hello, давайте выведем еще какую-нибудь","[50364, 12726, 2840, 32965, 1504, 4482, 11, 7751, 11, 30412, 2840, 32965, 1504, 9910, 45244, 12, 23561, 50590]",0.0,-0.3332064212896885,1.6725663716814159,0.26870226860046387
224,224,67652,681.04,689.0," переменную, нашу war дополнительную и переменную myware3.","[50590, 35903, 1008, 9882, 11, 8253, 585, 1516, 45120, 7809, 9882, 1006, 35903, 1008, 9882, 452, 3039, 18, 13, 50988]",0.0,-0.3332064212896885,1.6725663716814159,0.26870226860046387
225,225,67652,689.0,694.84," По идее у нас должно вывезется hello, потом 123 и то, что мы","[50988, 12121, 26547, 387, 1595, 6519, 40475, 2840, 859, 3634, 7299, 7751, 11, 16873, 34466, 1006, 4572, 11, 2143, 4777, 51280]",0.0,-0.3332064212896885,1.6725663716814159,0.26870226860046387
226,226,67652,694.84,697.1999999999999, введем с командной строки.,"[51280, 740, 32965, 1504, 776, 35991, 5007, 18425, 48110, 13, 51398]",0.0,-0.3332064212896885,1.6725663716814159,0.26870226860046387
227,227,67652,697.1999999999999,699.52, Давайте попробовать.,"[51398, 30487, 34089, 14069, 13, 51514]",0.0,-0.3332064212896885,1.6725663716814159,0.26870226860046387
228,228,69952,699.52,706.8," Давайте в этот раз что-нибудь введем не 103, а 456.","[50364, 30487, 740, 11508, 4203, 2143, 12, 23561, 740, 32965, 1504, 1725, 48784, 11, 2559, 6905, 21, 13, 50728]",0.0,-0.2546554718017578,1.7699386503067485,0.20674513280391693
229,229,69952,706.8,712.0799999999999," Как мы видим, как и ожидалось, вывелось hello, потом 123, а","[50728, 11011, 4777, 38273, 11, 3014, 1006, 47136, 16122, 11, 2840, 859, 1414, 8049, 7751, 11, 16873, 34466, 11, 2559, 50992]",0.0,-0.2546554718017578,1.7699386503067485,0.20674513280391693
230,230,69952,712.0799999999999,715.0," потом то, что мы ввели из командной строки, то есть","[50992, 16873, 4572, 11, 2143, 4777, 740, 859, 8334, 3943, 35991, 5007, 18425, 48110, 11, 4572, 5640, 51138]",0.0,-0.2546554718017578,1.7699386503067485,0.20674513280391693
231,231,69952,715.0,716.0, 456.,"[51138, 6905, 21, 13, 51188]",0.0,-0.2546554718017578,1.7699386503067485,0.20674513280391693
232,232,69952,716.0,718.0799999999999, Ну и дальше программа завершилась.,"[51188, 7571, 1006, 26814, 29043, 14229, 13388, 19465, 19522, 13, 51292]",0.0,-0.2546554718017578,1.7699386503067485,0.20674513280391693
233,233,69952,718.0799999999999,721.36, И в заключение давайте еще расскажу про Python консоль,"[51292, 3272, 740, 49613, 5627, 30412, 9910, 17399, 29294, 4178, 15329, 6184, 461, 2765, 51456]",0.0,-0.2546554718017578,1.7699386503067485,0.20674513280391693
234,234,69952,721.36,722.92, в IDE by HR.,"[51456, 740, 40930, 538, 19460, 13, 51534]",0.0,-0.2546554718017578,1.7699386503067485,0.20674513280391693
235,235,69952,722.92,726.92," То есть то, что мы запускали в терминале, можно запустить","[51534, 16047, 5640, 4572, 11, 2143, 4777, 10333, 21303, 4071, 740, 21168, 919, 2599, 21134, 11, 8885, 10333, 46937, 51734]",0.0,-0.2546554718017578,1.7699386503067485,0.20674513280391693
236,236,69952,726.92,729.48, и в самой IDE.,"[51734, 1006, 740, 49560, 40930, 13, 51862]",0.0,-0.2546554718017578,1.7699386503067485,0.20674513280391693
237,237,72948,729.5600000000001,733.16, Здесь в правой части есть вот такая иконка Python консоль.,"[50368, 23367, 740, 10615, 1700, 29168, 5640, 5505, 22075, 1006, 33687, 2833, 15329, 6184, 461, 2765, 13, 50548]",0.0,-0.29831873137375403,1.9875776397515528,0.0887329950928688
238,238,72948,733.16,737.28," Мы просто ее нажимаем, запускается некий процесс","[50548, 12726, 8221, 14803, 35675, 2165, 7906, 11, 10333, 33101, 7299, 39269, 6251, 30965, 50754]",0.0,-0.29831873137375403,1.9875776397515528,0.0887329950928688
239,239,72948,737.28,741.24, и на самом деле запускается Python интерпретатор в интерактивном,"[50754, 1006, 1470, 22108, 23845, 10333, 33101, 7299, 15329, 12073, 39263, 20513, 2542, 740, 12073, 1272, 22325, 9950, 50952]",0.0,-0.29831873137375403,1.9875776397515528,0.0887329950928688
240,240,72948,741.24,742.24, режиме.,"[50952, 37710, 387, 13, 51002]",0.0,-0.29831873137375403,1.9875776397515528,0.0887329950928688
241,241,72948,742.24,746.2," Здесь мы также то же самое можем делать, что делали","[51002, 23367, 4777, 16584, 4572, 6151, 25676, 28815, 19284, 11, 2143, 6649, 4071, 51200]",0.0,-0.29831873137375403,1.9875776397515528,0.0887329950928688
242,242,72948,746.2,748.2, при обычном запуске интерпретатора.,"[51200, 5082, 32291, 9950, 10333, 21303, 387, 12073, 39263, 20513, 26250, 13, 51300]",0.0,-0.29831873137375403,1.9875776397515528,0.0887329950928688
243,243,72948,748.2,752.84," Ну например давайте опять hello world, напишем print hello","[51300, 7571, 24044, 30412, 31545, 7751, 1002, 11, 9011, 9919, 1504, 4482, 7751, 51532]",0.0,-0.29831873137375403,1.9875776397515528,0.0887329950928688
244,244,72948,752.84,757.48," world, enter, вот там программа вывела hello world.","[51532, 1002, 11, 3242, 11, 5505, 8223, 29043, 14229, 2840, 859, 19097, 7751, 1002, 13, 51764]",0.0,-0.29831873137375403,1.9875776397515528,0.0887329950928688
245,245,75748,757.48,761.88, То же самое на самом деле давайте с input еще раз попробуем.,"[50364, 16047, 6151, 25676, 1470, 22108, 23845, 30412, 776, 4846, 9910, 4203, 34089, 33096, 13, 50584]",0.0,-0.2565298867881845,1.8553846153846154,0.022963562980294228
246,246,75748,761.88,766.44," Давайте какую-нибудь переменную var, запишем значение input.","[50584, 30487, 45244, 12, 23561, 35903, 1008, 9882, 1374, 11, 10333, 9919, 1504, 27605, 5627, 4846, 13, 50812]",0.0,-0.2565298867881845,1.8553846153846154,0.022963562980294228
247,247,75748,766.44,769.96," Отмечу, что можно приветственное сообщение вообще не писать,","[50812, 18611, 919, 4310, 585, 11, 2143, 8885, 33879, 12134, 6126, 40626, 5627, 14345, 1725, 39739, 2209, 11, 50988]",0.0,-0.2565298867881845,1.8553846153846154,0.022963562980294228
248,248,75748,769.96,773.16," а ставить просто круглые скобочки, тогда просто от вас","[50988, 2559, 25709, 3258, 8221, 43543, 693, 5312, 5239, 2061, 32775, 11, 21696, 8221, 2943, 10655, 51148]",0.0,-0.2565298867881845,1.8553846153846154,0.022963562980294228
249,249,75748,773.16,775.48, программа будет ожидать сразу вот без какого-то,"[51148, 29043, 14229, 7306, 47136, 2209, 22014, 5505, 10969, 3014, 2350, 12, 860, 51264]",0.0,-0.2565298867881845,1.8553846153846154,0.022963562980294228
250,250,75748,775.48,776.48, приветствия.,"[51264, 33879, 2981, 7409, 13, 51314]",0.0,-0.2565298867881845,1.8553846153846154,0.022963562980294228
251,251,75748,776.48,784.48," Ну давайте здесь abc 1 по 3, передадим, enter.","[51314, 7571, 30412, 9087, 410, 66, 502, 2801, 805, 11, 15621, 2601, 2165, 11, 3242, 13, 51714]",0.0,-0.2565298867881845,1.8553846153846154,0.022963562980294228
252,252,78448,784.48,788.48," Отлично и посмотрим, что у нас в переменной var.","[50364, 18611, 40955, 1006, 42293, 11, 2143, 1595, 6519, 740, 35903, 36203, 1374, 13, 50564]",0.0,-0.20237918610268452,2.118131868131868,0.04397432878613472
253,253,78448,788.48,791.24," То есть чтобы посмотреть, что в переменной var, можно","[50564, 16047, 5640, 7887, 38482, 11, 2143, 740, 35903, 36203, 1374, 11, 8885, 50702]",0.0,-0.20237918610268452,2.118131868131868,0.04397432878613472
254,254,78448,791.24,794.28, написать ее имя и нажать enter.,"[50702, 30442, 2209, 14803, 7604, 681, 1006, 35675, 2209, 3242, 13, 50854]",0.0,-0.20237918610268452,2.118131868131868,0.04397432878613472
255,255,78448,794.28,797.52," Вам интерпретатор сразу выведет ее значение, то","[50854, 43670, 12073, 39263, 20513, 2542, 22014, 2840, 32965, 1094, 14803, 27605, 5627, 11, 4572, 51016]",0.0,-0.20237918610268452,2.118131868131868,0.04397432878613472
256,256,78448,797.52,800.32, есть не обязательно писать print в интерактивном режиме,"[51016, 5640, 1725, 35515, 39739, 2209, 4482, 740, 12073, 1272, 22325, 9950, 37710, 387, 51156]",0.0,-0.20237918610268452,2.118131868131868,0.04397432878613472
257,257,78448,800.32,801.32, в этом случае.,"[51156, 740, 10755, 26425, 13, 51206]",0.0,-0.20237918610268452,2.118131868131868,0.04397432878613472
258,258,78448,801.32,803.8000000000001, То есть будет примерно то же самое.,"[51206, 16047, 5640, 7306, 37424, 4572, 6151, 25676, 13, 51330]",0.0,-0.20237918610268452,2.118131868131868,0.04397432878613472
259,259,78448,803.8000000000001,806.84," На этом уроке мы познакомились с интерпретатором Python,","[51330, 11245, 10755, 1595, 32948, 387, 4777, 12188, 45051, 19285, 776, 12073, 39263, 20513, 2542, 1253, 15329, 11, 51482]",0.0,-0.20237918610268452,2.118131868131868,0.04397432878613472
260,260,78448,806.84,809.2," узнали как работать с ним в интерактивном режиме,","[51482, 20940, 47704, 3014, 33637, 776, 25793, 740, 12073, 1272, 22325, 9950, 37710, 387, 11, 51600]",0.0,-0.20237918610268452,2.118131868131868,0.04397432878613472
261,261,78448,809.2,811.84, как запускать код из файла с его помощью.,"[51600, 3014, 10333, 21303, 2209, 981, 1435, 3943, 4394, 3183, 4989, 776, 6448, 36387, 13, 51732]",0.0,-0.20237918610268452,2.118131868131868,0.04397432878613472
262,262,81184,811.84,815.1600000000001," Познакомились с ADE по HR, узнали как базово разрабатывать","[50364, 2608, 3434, 45051, 19285, 776, 9135, 36, 2801, 19460, 11, 20940, 47704, 3014, 39798, 1055, 354, 24051, 42304, 25265, 50530]",0.0,-0.15711916709432797,1.8544776119402986,0.4434871971607208
263,263,81184,815.1600000000001,816.1600000000001, код в ней.,"[50530, 981, 1435, 740, 23227, 13, 50580]",0.0,-0.15711916709432797,1.8544776119402986,0.4434871971607208
264,264,81184,816.1600000000001,819.44," Написали свою первую программу Hello World, а также разобрались","[50580, 28167, 3323, 4071, 23069, 11922, 3924, 29043, 11147, 2425, 3937, 11, 2559, 16584, 4203, 13829, 15020, 50744]",0.0,-0.15711916709432797,1.8544776119402986,0.4434871971607208
265,265,81184,819.44,822.98," с такими понятиями как литерал, переменная, научились","[50744, 776, 2936, 11426, 7903, 21689, 31215, 3014, 2344, 1635, 1135, 1218, 11, 35903, 41994, 11, 38019, 19285, 50921]",0.0,-0.15711916709432797,1.8544776119402986,0.4434871971607208
266,266,81184,822.98,826.2," выводить данные в консоль, а также считывать пользовательские","[50921, 2840, 17533, 3258, 19582, 4970, 740, 6184, 461, 2765, 11, 2559, 16584, 22413, 25265, 44803, 10272, 25254, 51082]",0.0,-0.15711916709432797,1.8544776119402986,0.4434871971607208
267,267,81184,826.2,827.88, данные со стандартного ввода.,"[51082, 19582, 4970, 7425, 3266, 12551, 27419, 4699, 740, 17533, 386, 13, 51166]",0.0,-0.15711916709432797,1.8544776119402986,0.4434871971607208
